zone,hour,value
PL,161,44.572027824501674
BE,835,69.19991357149911
FR,859,524.9839135714988
