zone,hour,value
PL,161,70.4194557648018
FR,835,31.451441806319963
FR,858,106.13014180632763
FR,859,313.7354418063196
FR,883,255.18065420000858
